Group,Index,Click X,Click Y
default,0,257.54218749999995,188.48526077097506
default,1,261.4232026143791,189.06635071090048
default,2,183.72058823529412,175.89099526066352
default,3,152.11274509803923,176.54976303317537
default,4,144.86928104575162,144.92890995260663
default,5,204.13398692810458,113.96682464454977
default,6,252.20424836601308,140.97630331753555
default,7,293.68954248366015,175.23222748815166
